flattened_index,time_step,feature_index,feature_name
0,1,0,left_position_x
1,1,1,left_position_y
2,1,2,left_position_z
3,1,3,left_rotation_1
4,1,4,left_rotation_2
5,1,5,left_rotation_3
6,1,6,left_thumb
7,1,7,left_forefinger
8,1,8,left_middlefinger
9,1,9,left_ringfinger
10,1,10,left_littlefinger
11,1,11,right_position_x
12,1,12,right_position_y
13,1,13,right_position_z
14,1,14,right_rotation_1
15,1,15,right_rotation_2
16,1,16,right_rotation_3
17,1,17,right_thumb
18,1,18,right_forefinger
19,1,19,right_middlefinger
20,1,20,right_ringfinger
21,1,21,right_littlefinger
22,2,0,left_position_x
23,2,1,left_position_y
24,2,2,left_position_z
25,2,3,left_rotation_1
26,2,4,left_rotation_2
27,2,5,left_rotation_3
28,2,6,left_thumb
29,2,7,left_forefinger
30,2,8,left_middlefinger
31,2,9,left_ringfinger
32,2,10,left_littlefinger
33,2,11,right_position_x
34,2,12,right_position_y
35,2,13,right_position_z
36,2,14,right_rotation_1
37,2,15,right_rotation_2
38,2,16,right_rotation_3
39,2,17,right_thumb
40,2,18,right_forefinger
41,2,19,right_middlefinger
42,2,20,right_ringfinger
43,2,21,right_littlefinger
44,3,0,left_position_x
45,3,1,left_position_y
46,3,2,left_position_z
47,3,3,left_rotation_1
48,3,4,left_rotation_2
49,3,5,left_rotation_3
50,3,6,left_thumb
51,3,7,left_forefinger
52,3,8,left_middlefinger
53,3,9,left_ringfinger
54,3,10,left_littlefinger
55,3,11,right_position_x
56,3,12,right_position_y
57,3,13,right_position_z
58,3,14,right_rotation_1
59,3,15,right_rotation_2
60,3,16,right_rotation_3
61,3,17,right_thumb
62,3,18,right_forefinger
63,3,19,right_middlefinger
64,3,20,right_ringfinger
65,3,21,right_littlefinger
66,4,0,left_position_x
67,4,1,left_position_y
68,4,2,left_position_z
69,4,3,left_rotation_1
70,4,4,left_rotation_2
71,4,5,left_rotation_3
72,4,6,left_thumb
73,4,7,left_forefinger
74,4,8,left_middlefinger
75,4,9,left_ringfinger
76,4,10,left_littlefinger
77,4,11,right_position_x
78,4,12,right_position_y
79,4,13,right_position_z
80,4,14,right_rotation_1
81,4,15,right_rotation_2
82,4,16,right_rotation_3
83,4,17,right_thumb
84,4,18,right_forefinger
85,4,19,right_middlefinger
86,4,20,right_ringfinger
87,4,21,right_littlefinger
88,5,0,left_position_x
89,5,1,left_position_y
90,5,2,left_position_z
91,5,3,left_rotation_1
92,5,4,left_rotation_2
93,5,5,left_rotation_3
94,5,6,left_thumb
95,5,7,left_forefinger
96,5,8,left_middlefinger
97,5,9,left_ringfinger
98,5,10,left_littlefinger
99,5,11,right_position_x
100,5,12,right_position_y
101,5,13,right_position_z
102,5,14,right_rotation_1
103,5,15,right_rotation_2
104,5,16,right_rotation_3
105,5,17,right_thumb
106,5,18,right_forefinger
107,5,19,right_middlefinger
108,5,20,right_ringfinger
109,5,21,right_littlefinger
110,6,0,left_position_x
111,6,1,left_position_y
112,6,2,left_position_z
113,6,3,left_rotation_1
114,6,4,left_rotation_2
115,6,5,left_rotation_3
116,6,6,left_thumb
117,6,7,left_forefinger
118,6,8,left_middlefinger
119,6,9,left_ringfinger
120,6,10,left_littlefinger
121,6,11,right_position_x
122,6,12,right_position_y
123,6,13,right_position_z
124,6,14,right_rotation_1
125,6,15,right_rotation_2
126,6,16,right_rotation_3
127,6,17,right_thumb
128,6,18,right_forefinger
129,6,19,right_middlefinger
130,6,20,right_ringfinger
131,6,21,right_littlefinger
132,7,0,left_position_x
133,7,1,left_position_y
134,7,2,left_position_z
135,7,3,left_rotation_1
136,7,4,left_rotation_2
137,7,5,left_rotation_3
138,7,6,left_thumb
139,7,7,left_forefinger
140,7,8,left_middlefinger
141,7,9,left_ringfinger
142,7,10,left_littlefinger
143,7,11,right_position_x
144,7,12,right_position_y
145,7,13,right_position_z
146,7,14,right_rotation_1
147,7,15,right_rotation_2
148,7,16,right_rotation_3
149,7,17,right_thumb
150,7,18,right_forefinger
151,7,19,right_middlefinger
152,7,20,right_ringfinger
153,7,21,right_littlefinger
154,8,0,left_position_x
155,8,1,left_position_y
156,8,2,left_position_z
157,8,3,left_rotation_1
158,8,4,left_rotation_2
159,8,5,left_rotation_3
160,8,6,left_thumb
161,8,7,left_forefinger
162,8,8,left_middlefinger
163,8,9,left_ringfinger
164,8,10,left_littlefinger
165,8,11,right_position_x
166,8,12,right_position_y
167,8,13,right_position_z
168,8,14,right_rotation_1
169,8,15,right_rotation_2
170,8,16,right_rotation_3
171,8,17,right_thumb
172,8,18,right_forefinger
173,8,19,right_middlefinger
174,8,20,right_ringfinger
175,8,21,right_littlefinger
176,9,0,left_position_x
177,9,1,left_position_y
178,9,2,left_position_z
179,9,3,left_rotation_1
180,9,4,left_rotation_2
181,9,5,left_rotation_3
182,9,6,left_thumb
183,9,7,left_forefinger
184,9,8,left_middlefinger
185,9,9,left_ringfinger
186,9,10,left_littlefinger
187,9,11,right_position_x
188,9,12,right_position_y
189,9,13,right_position_z
190,9,14,right_rotation_1
191,9,15,right_rotation_2
192,9,16,right_rotation_3
193,9,17,right_thumb
194,9,18,right_forefinger
195,9,19,right_middlefinger
196,9,20,right_ringfinger
197,9,21,right_littlefinger
198,10,0,left_position_x
199,10,1,left_position_y
200,10,2,left_position_z
201,10,3,left_rotation_1
202,10,4,left_rotation_2
203,10,5,left_rotation_3
204,10,6,left_thumb
205,10,7,left_forefinger
206,10,8,left_middlefinger
207,10,9,left_ringfinger
208,10,10,left_littlefinger
209,10,11,right_position_x
210,10,12,right_position_y
211,10,13,right_position_z
212,10,14,right_rotation_1
213,10,15,right_rotation_2
214,10,16,right_rotation_3
215,10,17,right_thumb
216,10,18,right_forefinger
217,10,19,right_middlefinger
218,10,20,right_ringfinger
219,10,21,right_littlefinger
220,11,0,left_position_x
221,11,1,left_position_y
222,11,2,left_position_z
223,11,3,left_rotation_1
224,11,4,left_rotation_2
225,11,5,left_rotation_3
226,11,6,left_thumb
227,11,7,left_forefinger
228,11,8,left_middlefinger
229,11,9,left_ringfinger
230,11,10,left_littlefinger
231,11,11,right_position_x
232,11,12,right_position_y
233,11,13,right_position_z
234,11,14,right_rotation_1
235,11,15,right_rotation_2
236,11,16,right_rotation_3
237,11,17,right_thumb
238,11,18,right_forefinger
239,11,19,right_middlefinger
240,11,20,right_ringfinger
241,11,21,right_littlefinger
242,12,0,left_position_x
243,12,1,left_position_y
244,12,2,left_position_z
245,12,3,left_rotation_1
246,12,4,left_rotation_2
247,12,5,left_rotation_3
248,12,6,left_thumb
249,12,7,left_forefinger
250,12,8,left_middlefinger
251,12,9,left_ringfinger
252,12,10,left_littlefinger
253,12,11,right_position_x
254,12,12,right_position_y
255,12,13,right_position_z
256,12,14,right_rotation_1
257,12,15,right_rotation_2
258,12,16,right_rotation_3
259,12,17,right_thumb
260,12,18,right_forefinger
261,12,19,right_middlefinger
262,12,20,right_ringfinger
263,12,21,right_littlefinger
264,13,0,left_position_x
265,13,1,left_position_y
266,13,2,left_position_z
267,13,3,left_rotation_1
268,13,4,left_rotation_2
269,13,5,left_rotation_3
270,13,6,left_thumb
271,13,7,left_forefinger
272,13,8,left_middlefinger
273,13,9,left_ringfinger
274,13,10,left_littlefinger
275,13,11,right_position_x
276,13,12,right_position_y
277,13,13,right_position_z
278,13,14,right_rotation_1
279,13,15,right_rotation_2
280,13,16,right_rotation_3
281,13,17,right_thumb
282,13,18,right_forefinger
283,13,19,right_middlefinger
284,13,20,right_ringfinger
285,13,21,right_littlefinger
286,14,0,left_position_x
287,14,1,left_position_y
288,14,2,left_position_z
289,14,3,left_rotation_1
290,14,4,left_rotation_2
291,14,5,left_rotation_3
292,14,6,left_thumb
293,14,7,left_forefinger
294,14,8,left_middlefinger
295,14,9,left_ringfinger
296,14,10,left_littlefinger
297,14,11,right_position_x
298,14,12,right_position_y
299,14,13,right_position_z
300,14,14,right_rotation_1
301,14,15,right_rotation_2
302,14,16,right_rotation_3
303,14,17,right_thumb
304,14,18,right_forefinger
305,14,19,right_middlefinger
306,14,20,right_ringfinger
307,14,21,right_littlefinger
308,15,0,left_position_x
309,15,1,left_position_y
310,15,2,left_position_z
311,15,3,left_rotation_1
312,15,4,left_rotation_2
313,15,5,left_rotation_3
314,15,6,left_thumb
315,15,7,left_forefinger
316,15,8,left_middlefinger
317,15,9,left_ringfinger
318,15,10,left_littlefinger
319,15,11,right_position_x
320,15,12,right_position_y
321,15,13,right_position_z
322,15,14,right_rotation_1
323,15,15,right_rotation_2
324,15,16,right_rotation_3
325,15,17,right_thumb
326,15,18,right_forefinger
327,15,19,right_middlefinger
328,15,20,right_ringfinger
329,15,21,right_littlefinger
330,16,0,left_position_x
331,16,1,left_position_y
332,16,2,left_position_z
333,16,3,left_rotation_1
334,16,4,left_rotation_2
335,16,5,left_rotation_3
336,16,6,left_thumb
337,16,7,left_forefinger
338,16,8,left_middlefinger
339,16,9,left_ringfinger
340,16,10,left_littlefinger
341,16,11,right_position_x
342,16,12,right_position_y
343,16,13,right_position_z
344,16,14,right_rotation_1
345,16,15,right_rotation_2
346,16,16,right_rotation_3
347,16,17,right_thumb
348,16,18,right_forefinger
349,16,19,right_middlefinger
350,16,20,right_ringfinger
351,16,21,right_littlefinger
352,17,0,left_position_x
353,17,1,left_position_y
354,17,2,left_position_z
355,17,3,left_rotation_1
356,17,4,left_rotation_2
357,17,5,left_rotation_3
358,17,6,left_thumb
359,17,7,left_forefinger
360,17,8,left_middlefinger
361,17,9,left_ringfinger
362,17,10,left_littlefinger
363,17,11,right_position_x
364,17,12,right_position_y
365,17,13,right_position_z
366,17,14,right_rotation_1
367,17,15,right_rotation_2
368,17,16,right_rotation_3
369,17,17,right_thumb
370,17,18,right_forefinger
371,17,19,right_middlefinger
372,17,20,right_ringfinger
373,17,21,right_littlefinger
374,18,0,left_position_x
375,18,1,left_position_y
376,18,2,left_position_z
377,18,3,left_rotation_1
378,18,4,left_rotation_2
379,18,5,left_rotation_3
380,18,6,left_thumb
381,18,7,left_forefinger
382,18,8,left_middlefinger
383,18,9,left_ringfinger
384,18,10,left_littlefinger
385,18,11,right_position_x
386,18,12,right_position_y
387,18,13,right_position_z
388,18,14,right_rotation_1
389,18,15,right_rotation_2
390,18,16,right_rotation_3
391,18,17,right_thumb
392,18,18,right_forefinger
393,18,19,right_middlefinger
394,18,20,right_ringfinger
395,18,21,right_littlefinger
396,19,0,left_position_x
397,19,1,left_position_y
398,19,2,left_position_z
399,19,3,left_rotation_1
400,19,4,left_rotation_2
401,19,5,left_rotation_3
402,19,6,left_thumb
403,19,7,left_forefinger
404,19,8,left_middlefinger
405,19,9,left_ringfinger
406,19,10,left_littlefinger
407,19,11,right_position_x
408,19,12,right_position_y
409,19,13,right_position_z
410,19,14,right_rotation_1
411,19,15,right_rotation_2
412,19,16,right_rotation_3
413,19,17,right_thumb
414,19,18,right_forefinger
415,19,19,right_middlefinger
416,19,20,right_ringfinger
417,19,21,right_littlefinger
418,20,0,left_position_x
419,20,1,left_position_y
420,20,2,left_position_z
421,20,3,left_rotation_1
422,20,4,left_rotation_2
423,20,5,left_rotation_3
424,20,6,left_thumb
425,20,7,left_forefinger
426,20,8,left_middlefinger
427,20,9,left_ringfinger
428,20,10,left_littlefinger
429,20,11,right_position_x
430,20,12,right_position_y
431,20,13,right_position_z
432,20,14,right_rotation_1
433,20,15,right_rotation_2
434,20,16,right_rotation_3
435,20,17,right_thumb
436,20,18,right_forefinger
437,20,19,right_middlefinger
438,20,20,right_ringfinger
439,20,21,right_littlefinger
440,21,0,left_position_x
441,21,1,left_position_y
442,21,2,left_position_z
443,21,3,left_rotation_1
444,21,4,left_rotation_2
445,21,5,left_rotation_3
446,21,6,left_thumb
447,21,7,left_forefinger
448,21,8,left_middlefinger
449,21,9,left_ringfinger
450,21,10,left_littlefinger
451,21,11,right_position_x
452,21,12,right_position_y
453,21,13,right_position_z
454,21,14,right_rotation_1
455,21,15,right_rotation_2
456,21,16,right_rotation_3
457,21,17,right_thumb
458,21,18,right_forefinger
459,21,19,right_middlefinger
460,21,20,right_ringfinger
461,21,21,right_littlefinger
462,22,0,left_position_x
463,22,1,left_position_y
464,22,2,left_position_z
465,22,3,left_rotation_1
466,22,4,left_rotation_2
467,22,5,left_rotation_3
468,22,6,left_thumb
469,22,7,left_forefinger
470,22,8,left_middlefinger
471,22,9,left_ringfinger
472,22,10,left_littlefinger
473,22,11,right_position_x
474,22,12,right_position_y
475,22,13,right_position_z
476,22,14,right_rotation_1
477,22,15,right_rotation_2
478,22,16,right_rotation_3
479,22,17,right_thumb
480,22,18,right_forefinger
481,22,19,right_middlefinger
482,22,20,right_ringfinger
483,22,21,right_littlefinger
484,23,0,left_position_x
485,23,1,left_position_y
486,23,2,left_position_z
487,23,3,left_rotation_1
488,23,4,left_rotation_2
489,23,5,left_rotation_3
490,23,6,left_thumb
491,23,7,left_forefinger
492,23,8,left_middlefinger
493,23,9,left_ringfinger
494,23,10,left_littlefinger
495,23,11,right_position_x
496,23,12,right_position_y
497,23,13,right_position_z
498,23,14,right_rotation_1
499,23,15,right_rotation_2
500,23,16,right_rotation_3
501,23,17,right_thumb
502,23,18,right_forefinger
503,23,19,right_middlefinger
504,23,20,right_ringfinger
505,23,21,right_littlefinger
506,24,0,left_position_x
507,24,1,left_position_y
508,24,2,left_position_z
509,24,3,left_rotation_1
510,24,4,left_rotation_2
511,24,5,left_rotation_3
512,24,6,left_thumb
513,24,7,left_forefinger
514,24,8,left_middlefinger
515,24,9,left_ringfinger
516,24,10,left_littlefinger
517,24,11,right_position_x
518,24,12,right_position_y
519,24,13,right_position_z
520,24,14,right_rotation_1
521,24,15,right_rotation_2
522,24,16,right_rotation_3
523,24,17,right_thumb
524,24,18,right_forefinger
525,24,19,right_middlefinger
526,24,20,right_ringfinger
527,24,21,right_littlefinger
528,25,0,left_position_x
529,25,1,left_position_y
530,25,2,left_position_z
531,25,3,left_rotation_1
532,25,4,left_rotation_2
533,25,5,left_rotation_3
534,25,6,left_thumb
535,25,7,left_forefinger
536,25,8,left_middlefinger
537,25,9,left_ringfinger
538,25,10,left_littlefinger
539,25,11,right_position_x
540,25,12,right_position_y
541,25,13,right_position_z
542,25,14,right_rotation_1
543,25,15,right_rotation_2
544,25,16,right_rotation_3
545,25,17,right_thumb
546,25,18,right_forefinger
547,25,19,right_middlefinger
548,25,20,right_ringfinger
549,25,21,right_littlefinger
550,26,0,left_position_x
551,26,1,left_position_y
552,26,2,left_position_z
553,26,3,left_rotation_1
554,26,4,left_rotation_2
555,26,5,left_rotation_3
556,26,6,left_thumb
557,26,7,left_forefinger
558,26,8,left_middlefinger
559,26,9,left_ringfinger
560,26,10,left_littlefinger
561,26,11,right_position_x
562,26,12,right_position_y
563,26,13,right_position_z
564,26,14,right_rotation_1
565,26,15,right_rotation_2
566,26,16,right_rotation_3
567,26,17,right_thumb
568,26,18,right_forefinger
569,26,19,right_middlefinger
570,26,20,right_ringfinger
571,26,21,right_littlefinger
572,27,0,left_position_x
573,27,1,left_position_y
574,27,2,left_position_z
575,27,3,left_rotation_1
576,27,4,left_rotation_2
577,27,5,left_rotation_3
578,27,6,left_thumb
579,27,7,left_forefinger
580,27,8,left_middlefinger
581,27,9,left_ringfinger
582,27,10,left_littlefinger
583,27,11,right_position_x
584,27,12,right_position_y
585,27,13,right_position_z
586,27,14,right_rotation_1
587,27,15,right_rotation_2
588,27,16,right_rotation_3
589,27,17,right_thumb
590,27,18,right_forefinger
591,27,19,right_middlefinger
592,27,20,right_ringfinger
593,27,21,right_littlefinger
594,28,0,left_position_x
595,28,1,left_position_y
596,28,2,left_position_z
597,28,3,left_rotation_1
598,28,4,left_rotation_2
599,28,5,left_rotation_3
600,28,6,left_thumb
601,28,7,left_forefinger
602,28,8,left_middlefinger
603,28,9,left_ringfinger
604,28,10,left_littlefinger
605,28,11,right_position_x
606,28,12,right_position_y
607,28,13,right_position_z
608,28,14,right_rotation_1
609,28,15,right_rotation_2
610,28,16,right_rotation_3
611,28,17,right_thumb
612,28,18,right_forefinger
613,28,19,right_middlefinger
614,28,20,right_ringfinger
615,28,21,right_littlefinger
616,29,0,left_position_x
617,29,1,left_position_y
618,29,2,left_position_z
619,29,3,left_rotation_1
620,29,4,left_rotation_2
621,29,5,left_rotation_3
622,29,6,left_thumb
623,29,7,left_forefinger
624,29,8,left_middlefinger
625,29,9,left_ringfinger
626,29,10,left_littlefinger
627,29,11,right_position_x
628,29,12,right_position_y
629,29,13,right_position_z
630,29,14,right_rotation_1
631,29,15,right_rotation_2
632,29,16,right_rotation_3
633,29,17,right_thumb
634,29,18,right_forefinger
635,29,19,right_middlefinger
636,29,20,right_ringfinger
637,29,21,right_littlefinger
638,30,0,left_position_x
639,30,1,left_position_y
640,30,2,left_position_z
641,30,3,left_rotation_1
642,30,4,left_rotation_2
643,30,5,left_rotation_3
644,30,6,left_thumb
645,30,7,left_forefinger
646,30,8,left_middlefinger
647,30,9,left_ringfinger
648,30,10,left_littlefinger
649,30,11,right_position_x
650,30,12,right_position_y
651,30,13,right_position_z
652,30,14,right_rotation_1
653,30,15,right_rotation_2
654,30,16,right_rotation_3
655,30,17,right_thumb
656,30,18,right_forefinger
657,30,19,right_middlefinger
658,30,20,right_ringfinger
659,30,21,right_littlefinger
660,31,0,left_position_x
661,31,1,left_position_y
662,31,2,left_position_z
663,31,3,left_rotation_1
664,31,4,left_rotation_2
665,31,5,left_rotation_3
666,31,6,left_thumb
667,31,7,left_forefinger
668,31,8,left_middlefinger
669,31,9,left_ringfinger
670,31,10,left_littlefinger
671,31,11,right_position_x
672,31,12,right_position_y
673,31,13,right_position_z
674,31,14,right_rotation_1
675,31,15,right_rotation_2
676,31,16,right_rotation_3
677,31,17,right_thumb
678,31,18,right_forefinger
679,31,19,right_middlefinger
680,31,20,right_ringfinger
681,31,21,right_littlefinger
682,32,0,left_position_x
683,32,1,left_position_y
684,32,2,left_position_z
685,32,3,left_rotation_1
686,32,4,left_rotation_2
687,32,5,left_rotation_3
688,32,6,left_thumb
689,32,7,left_forefinger
690,32,8,left_middlefinger
691,32,9,left_ringfinger
692,32,10,left_littlefinger
693,32,11,right_position_x
694,32,12,right_position_y
695,32,13,right_position_z
696,32,14,right_rotation_1
697,32,15,right_rotation_2
698,32,16,right_rotation_3
699,32,17,right_thumb
700,32,18,right_forefinger
701,32,19,right_middlefinger
702,32,20,right_ringfinger
703,32,21,right_littlefinger
704,33,0,left_position_x
705,33,1,left_position_y
706,33,2,left_position_z
707,33,3,left_rotation_1
708,33,4,left_rotation_2
709,33,5,left_rotation_3
710,33,6,left_thumb
711,33,7,left_forefinger
712,33,8,left_middlefinger
713,33,9,left_ringfinger
714,33,10,left_littlefinger
715,33,11,right_position_x
716,33,12,right_position_y
717,33,13,right_position_z
718,33,14,right_rotation_1
719,33,15,right_rotation_2
720,33,16,right_rotation_3
721,33,17,right_thumb
722,33,18,right_forefinger
723,33,19,right_middlefinger
724,33,20,right_ringfinger
725,33,21,right_littlefinger
726,34,0,left_position_x
727,34,1,left_position_y
728,34,2,left_position_z
729,34,3,left_rotation_1
730,34,4,left_rotation_2
731,34,5,left_rotation_3
732,34,6,left_thumb
733,34,7,left_forefinger
734,34,8,left_middlefinger
735,34,9,left_ringfinger
736,34,10,left_littlefinger
737,34,11,right_position_x
738,34,12,right_position_y
739,34,13,right_position_z
740,34,14,right_rotation_1
741,34,15,right_rotation_2
742,34,16,right_rotation_3
743,34,17,right_thumb
744,34,18,right_forefinger
745,34,19,right_middlefinger
746,34,20,right_ringfinger
747,34,21,right_littlefinger
748,35,0,left_position_x
749,35,1,left_position_y
750,35,2,left_position_z
751,35,3,left_rotation_1
752,35,4,left_rotation_2
753,35,5,left_rotation_3
754,35,6,left_thumb
755,35,7,left_forefinger
756,35,8,left_middlefinger
757,35,9,left_ringfinger
758,35,10,left_littlefinger
759,35,11,right_position_x
760,35,12,right_position_y
761,35,13,right_position_z
762,35,14,right_rotation_1
763,35,15,right_rotation_2
764,35,16,right_rotation_3
765,35,17,right_thumb
766,35,18,right_forefinger
767,35,19,right_middlefinger
768,35,20,right_ringfinger
769,35,21,right_littlefinger
770,36,0,left_position_x
771,36,1,left_position_y
772,36,2,left_position_z
773,36,3,left_rotation_1
774,36,4,left_rotation_2
775,36,5,left_rotation_3
776,36,6,left_thumb
777,36,7,left_forefinger
778,36,8,left_middlefinger
779,36,9,left_ringfinger
780,36,10,left_littlefinger
781,36,11,right_position_x
782,36,12,right_position_y
783,36,13,right_position_z
784,36,14,right_rotation_1
785,36,15,right_rotation_2
786,36,16,right_rotation_3
787,36,17,right_thumb
788,36,18,right_forefinger
789,36,19,right_middlefinger
790,36,20,right_ringfinger
791,36,21,right_littlefinger
792,37,0,left_position_x
793,37,1,left_position_y
794,37,2,left_position_z
795,37,3,left_rotation_1
796,37,4,left_rotation_2
797,37,5,left_rotation_3
798,37,6,left_thumb
799,37,7,left_forefinger
800,37,8,left_middlefinger
801,37,9,left_ringfinger
802,37,10,left_littlefinger
803,37,11,right_position_x
804,37,12,right_position_y
805,37,13,right_position_z
806,37,14,right_rotation_1
807,37,15,right_rotation_2
808,37,16,right_rotation_3
809,37,17,right_thumb
810,37,18,right_forefinger
811,37,19,right_middlefinger
812,37,20,right_ringfinger
813,37,21,right_littlefinger
814,38,0,left_position_x
815,38,1,left_position_y
816,38,2,left_position_z
817,38,3,left_rotation_1
818,38,4,left_rotation_2
819,38,5,left_rotation_3
820,38,6,left_thumb
821,38,7,left_forefinger
822,38,8,left_middlefinger
823,38,9,left_ringfinger
824,38,10,left_littlefinger
825,38,11,right_position_x
826,38,12,right_position_y
827,38,13,right_position_z
828,38,14,right_rotation_1
829,38,15,right_rotation_2
830,38,16,right_rotation_3
831,38,17,right_thumb
832,38,18,right_forefinger
833,38,19,right_middlefinger
834,38,20,right_ringfinger
835,38,21,right_littlefinger
836,39,0,left_position_x
837,39,1,left_position_y
838,39,2,left_position_z
839,39,3,left_rotation_1
840,39,4,left_rotation_2
841,39,5,left_rotation_3
842,39,6,left_thumb
843,39,7,left_forefinger
844,39,8,left_middlefinger
845,39,9,left_ringfinger
846,39,10,left_littlefinger
847,39,11,right_position_x
848,39,12,right_position_y
849,39,13,right_position_z
850,39,14,right_rotation_1
851,39,15,right_rotation_2
852,39,16,right_rotation_3
853,39,17,right_thumb
854,39,18,right_forefinger
855,39,19,right_middlefinger
856,39,20,right_ringfinger
857,39,21,right_littlefinger
858,40,0,left_position_x
859,40,1,left_position_y
860,40,2,left_position_z
861,40,3,left_rotation_1
862,40,4,left_rotation_2
863,40,5,left_rotation_3
864,40,6,left_thumb
865,40,7,left_forefinger
866,40,8,left_middlefinger
867,40,9,left_ringfinger
868,40,10,left_littlefinger
869,40,11,right_position_x
870,40,12,right_position_y
871,40,13,right_position_z
872,40,14,right_rotation_1
873,40,15,right_rotation_2
874,40,16,right_rotation_3
875,40,17,right_thumb
876,40,18,right_forefinger
877,40,19,right_middlefinger
878,40,20,right_ringfinger
879,40,21,right_littlefinger
880,41,0,left_position_x
881,41,1,left_position_y
882,41,2,left_position_z
883,41,3,left_rotation_1
884,41,4,left_rotation_2
885,41,5,left_rotation_3
886,41,6,left_thumb
887,41,7,left_forefinger
888,41,8,left_middlefinger
889,41,9,left_ringfinger
890,41,10,left_littlefinger
891,41,11,right_position_x
892,41,12,right_position_y
893,41,13,right_position_z
894,41,14,right_rotation_1
895,41,15,right_rotation_2
896,41,16,right_rotation_3
897,41,17,right_thumb
898,41,18,right_forefinger
899,41,19,right_middlefinger
900,41,20,right_ringfinger
901,41,21,right_littlefinger
902,42,0,left_position_x
903,42,1,left_position_y
904,42,2,left_position_z
905,42,3,left_rotation_1
906,42,4,left_rotation_2
907,42,5,left_rotation_3
908,42,6,left_thumb
909,42,7,left_forefinger
910,42,8,left_middlefinger
911,42,9,left_ringfinger
912,42,10,left_littlefinger
913,42,11,right_position_x
914,42,12,right_position_y
915,42,13,right_position_z
916,42,14,right_rotation_1
917,42,15,right_rotation_2
918,42,16,right_rotation_3
919,42,17,right_thumb
920,42,18,right_forefinger
921,42,19,right_middlefinger
922,42,20,right_ringfinger
923,42,21,right_littlefinger
924,43,0,left_position_x
925,43,1,left_position_y
926,43,2,left_position_z
927,43,3,left_rotation_1
928,43,4,left_rotation_2
929,43,5,left_rotation_3
930,43,6,left_thumb
931,43,7,left_forefinger
932,43,8,left_middlefinger
933,43,9,left_ringfinger
934,43,10,left_littlefinger
935,43,11,right_position_x
936,43,12,right_position_y
937,43,13,right_position_z
938,43,14,right_rotation_1
939,43,15,right_rotation_2
940,43,16,right_rotation_3
941,43,17,right_thumb
942,43,18,right_forefinger
943,43,19,right_middlefinger
944,43,20,right_ringfinger
945,43,21,right_littlefinger
946,44,0,left_position_x
947,44,1,left_position_y
948,44,2,left_position_z
949,44,3,left_rotation_1
950,44,4,left_rotation_2
951,44,5,left_rotation_3
952,44,6,left_thumb
953,44,7,left_forefinger
954,44,8,left_middlefinger
955,44,9,left_ringfinger
956,44,10,left_littlefinger
957,44,11,right_position_x
958,44,12,right_position_y
959,44,13,right_position_z
960,44,14,right_rotation_1
961,44,15,right_rotation_2
962,44,16,right_rotation_3
963,44,17,right_thumb
964,44,18,right_forefinger
965,44,19,right_middlefinger
966,44,20,right_ringfinger
967,44,21,right_littlefinger
968,45,0,left_position_x
969,45,1,left_position_y
970,45,2,left_position_z
971,45,3,left_rotation_1
972,45,4,left_rotation_2
973,45,5,left_rotation_3
974,45,6,left_thumb
975,45,7,left_forefinger
976,45,8,left_middlefinger
977,45,9,left_ringfinger
978,45,10,left_littlefinger
979,45,11,right_position_x
980,45,12,right_position_y
981,45,13,right_position_z
982,45,14,right_rotation_1
983,45,15,right_rotation_2
984,45,16,right_rotation_3
985,45,17,right_thumb
986,45,18,right_forefinger
987,45,19,right_middlefinger
988,45,20,right_ringfinger
989,45,21,right_littlefinger
990,46,0,left_position_x
991,46,1,left_position_y
992,46,2,left_position_z
993,46,3,left_rotation_1
994,46,4,left_rotation_2
995,46,5,left_rotation_3
996,46,6,left_thumb
997,46,7,left_forefinger
998,46,8,left_middlefinger
999,46,9,left_ringfinger
1000,46,10,left_littlefinger
1001,46,11,right_position_x
1002,46,12,right_position_y
1003,46,13,right_position_z
1004,46,14,right_rotation_1
1005,46,15,right_rotation_2
1006,46,16,right_rotation_3
1007,46,17,right_thumb
1008,46,18,right_forefinger
1009,46,19,right_middlefinger
1010,46,20,right_ringfinger
1011,46,21,right_littlefinger
1012,47,0,left_position_x
1013,47,1,left_position_y
1014,47,2,left_position_z
1015,47,3,left_rotation_1
1016,47,4,left_rotation_2
1017,47,5,left_rotation_3
1018,47,6,left_thumb
1019,47,7,left_forefinger
1020,47,8,left_middlefinger
1021,47,9,left_ringfinger
1022,47,10,left_littlefinger
1023,47,11,right_position_x
1024,47,12,right_position_y
1025,47,13,right_position_z
1026,47,14,right_rotation_1
1027,47,15,right_rotation_2
1028,47,16,right_rotation_3
1029,47,17,right_thumb
1030,47,18,right_forefinger
1031,47,19,right_middlefinger
1032,47,20,right_ringfinger
1033,47,21,right_littlefinger
1034,48,0,left_position_x
1035,48,1,left_position_y
1036,48,2,left_position_z
1037,48,3,left_rotation_1
1038,48,4,left_rotation_2
1039,48,5,left_rotation_3
1040,48,6,left_thumb
1041,48,7,left_forefinger
1042,48,8,left_middlefinger
1043,48,9,left_ringfinger
1044,48,10,left_littlefinger
1045,48,11,right_position_x
1046,48,12,right_position_y
1047,48,13,right_position_z
1048,48,14,right_rotation_1
1049,48,15,right_rotation_2
1050,48,16,right_rotation_3
1051,48,17,right_thumb
1052,48,18,right_forefinger
1053,48,19,right_middlefinger
1054,48,20,right_ringfinger
1055,48,21,right_littlefinger
1056,49,0,left_position_x
1057,49,1,left_position_y
1058,49,2,left_position_z
1059,49,3,left_rotation_1
1060,49,4,left_rotation_2
1061,49,5,left_rotation_3
1062,49,6,left_thumb
1063,49,7,left_forefinger
1064,49,8,left_middlefinger
1065,49,9,left_ringfinger
1066,49,10,left_littlefinger
1067,49,11,right_position_x
1068,49,12,right_position_y
1069,49,13,right_position_z
1070,49,14,right_rotation_1
1071,49,15,right_rotation_2
1072,49,16,right_rotation_3
1073,49,17,right_thumb
1074,49,18,right_forefinger
1075,49,19,right_middlefinger
1076,49,20,right_ringfinger
1077,49,21,right_littlefinger
1078,50,0,left_position_x
1079,50,1,left_position_y
1080,50,2,left_position_z
1081,50,3,left_rotation_1
1082,50,4,left_rotation_2
1083,50,5,left_rotation_3
1084,50,6,left_thumb
1085,50,7,left_forefinger
1086,50,8,left_middlefinger
1087,50,9,left_ringfinger
1088,50,10,left_littlefinger
1089,50,11,right_position_x
1090,50,12,right_position_y
1091,50,13,right_position_z
1092,50,14,right_rotation_1
1093,50,15,right_rotation_2
1094,50,16,right_rotation_3
1095,50,17,right_thumb
1096,50,18,right_forefinger
1097,50,19,right_middlefinger
1098,50,20,right_ringfinger
1099,50,21,right_littlefinger
1100,51,0,left_position_x
1101,51,1,left_position_y
1102,51,2,left_position_z
1103,51,3,left_rotation_1
1104,51,4,left_rotation_2
1105,51,5,left_rotation_3
1106,51,6,left_thumb
1107,51,7,left_forefinger
1108,51,8,left_middlefinger
1109,51,9,left_ringfinger
1110,51,10,left_littlefinger
1111,51,11,right_position_x
1112,51,12,right_position_y
1113,51,13,right_position_z
1114,51,14,right_rotation_1
1115,51,15,right_rotation_2
1116,51,16,right_rotation_3
1117,51,17,right_thumb
1118,51,18,right_forefinger
1119,51,19,right_middlefinger
1120,51,20,right_ringfinger
1121,51,21,right_littlefinger
1122,52,0,left_position_x
1123,52,1,left_position_y
1124,52,2,left_position_z
1125,52,3,left_rotation_1
1126,52,4,left_rotation_2
1127,52,5,left_rotation_3
1128,52,6,left_thumb
1129,52,7,left_forefinger
1130,52,8,left_middlefinger
1131,52,9,left_ringfinger
1132,52,10,left_littlefinger
1133,52,11,right_position_x
1134,52,12,right_position_y
1135,52,13,right_position_z
1136,52,14,right_rotation_1
1137,52,15,right_rotation_2
1138,52,16,right_rotation_3
1139,52,17,right_thumb
1140,52,18,right_forefinger
1141,52,19,right_middlefinger
1142,52,20,right_ringfinger
1143,52,21,right_littlefinger
1144,53,0,left_position_x
1145,53,1,left_position_y
1146,53,2,left_position_z
1147,53,3,left_rotation_1
1148,53,4,left_rotation_2
1149,53,5,left_rotation_3
1150,53,6,left_thumb
1151,53,7,left_forefinger
1152,53,8,left_middlefinger
1153,53,9,left_ringfinger
1154,53,10,left_littlefinger
1155,53,11,right_position_x
1156,53,12,right_position_y
1157,53,13,right_position_z
1158,53,14,right_rotation_1
1159,53,15,right_rotation_2
1160,53,16,right_rotation_3
1161,53,17,right_thumb
1162,53,18,right_forefinger
1163,53,19,right_middlefinger
1164,53,20,right_ringfinger
1165,53,21,right_littlefinger
1166,54,0,left_position_x
1167,54,1,left_position_y
1168,54,2,left_position_z
1169,54,3,left_rotation_1
1170,54,4,left_rotation_2
1171,54,5,left_rotation_3
1172,54,6,left_thumb
1173,54,7,left_forefinger
1174,54,8,left_middlefinger
1175,54,9,left_ringfinger
1176,54,10,left_littlefinger
1177,54,11,right_position_x
1178,54,12,right_position_y
1179,54,13,right_position_z
1180,54,14,right_rotation_1
1181,54,15,right_rotation_2
1182,54,16,right_rotation_3
1183,54,17,right_thumb
1184,54,18,right_forefinger
1185,54,19,right_middlefinger
1186,54,20,right_ringfinger
1187,54,21,right_littlefinger
1188,55,0,left_position_x
1189,55,1,left_position_y
1190,55,2,left_position_z
1191,55,3,left_rotation_1
1192,55,4,left_rotation_2
1193,55,5,left_rotation_3
1194,55,6,left_thumb
1195,55,7,left_forefinger
1196,55,8,left_middlefinger
1197,55,9,left_ringfinger
1198,55,10,left_littlefinger
1199,55,11,right_position_x
1200,55,12,right_position_y
1201,55,13,right_position_z
1202,55,14,right_rotation_1
1203,55,15,right_rotation_2
1204,55,16,right_rotation_3
1205,55,17,right_thumb
1206,55,18,right_forefinger
1207,55,19,right_middlefinger
1208,55,20,right_ringfinger
1209,55,21,right_littlefinger
1210,56,0,left_position_x
1211,56,1,left_position_y
1212,56,2,left_position_z
1213,56,3,left_rotation_1
1214,56,4,left_rotation_2
1215,56,5,left_rotation_3
1216,56,6,left_thumb
1217,56,7,left_forefinger
1218,56,8,left_middlefinger
1219,56,9,left_ringfinger
1220,56,10,left_littlefinger
1221,56,11,right_position_x
1222,56,12,right_position_y
1223,56,13,right_position_z
1224,56,14,right_rotation_1
1225,56,15,right_rotation_2
1226,56,16,right_rotation_3
1227,56,17,right_thumb
1228,56,18,right_forefinger
1229,56,19,right_middlefinger
1230,56,20,right_ringfinger
1231,56,21,right_littlefinger
1232,57,0,left_position_x
1233,57,1,left_position_y
1234,57,2,left_position_z
1235,57,3,left_rotation_1
1236,57,4,left_rotation_2
1237,57,5,left_rotation_3
1238,57,6,left_thumb
1239,57,7,left_forefinger
1240,57,8,left_middlefinger
1241,57,9,left_ringfinger
1242,57,10,left_littlefinger
1243,57,11,right_position_x
1244,57,12,right_position_y
1245,57,13,right_position_z
1246,57,14,right_rotation_1
1247,57,15,right_rotation_2
1248,57,16,right_rotation_3
1249,57,17,right_thumb
1250,57,18,right_forefinger
1251,57,19,right_middlefinger
1252,57,20,right_ringfinger
1253,57,21,right_littlefinger
