class_id,sign
0,God
1,I
2,Norway
3,alive
4,all
5,answer
6,boy
7,building
8,buy
9,change_mind_
10,cold
11,come
12,computer_PC_
13,cost
14,crazy
15,danger
16,deaf
17,different
18,draw
19,drink
20,eat
21,exit
22,flash-light
23,forget
24,girl
25,give
26,glove
27,go
28,happy
29,head
30,hear
31,hello
32,his_hers
33,hot
34,how
35,hurry
36,hurt
37,innocent
38,is_true_
39,joke
40,juice
41,know
42,later
43,lose
44,love
45,make
46,man
47,maybe
48,mine
49,money
50,more
51,name
52,no
53,not-my-problem
54,paper
55,pen
56,please
57,polite
58,question
59,read
60,ready
61,research
62,responsible
63,right
64,sad
65,same
66,science
67,share
68,shop
69,soon
70,sorry
71,spend
72,stubborn
73,surprise
74,take
75,temper
76,thank
77,think
78,tray
79,us
80,voluntary
81,wait_notyet_
82,what
83,when
84,where
85,which
86,who
87,why
88,wild
89,will
90,write
91,wrong
92,yes
93,you
94,zero
